Month,Department,Category,BudgetAmount,ActualAmount,TransactionCount,Variance,VariancePct,IsFlaggedAnomaly
2021-01,Finance,Infrastructure,823145,936919,10,113774,13.82,0
2021-01,Finance,Marketing,491647,708355,7,216708,44.08,1
2021-01,Finance,Salaries,748557,977691,10,229134,30.61,1
2021-01,Finance,Training,582456,639523,8,57067,9.8,0
2021-01,Finance,Travel,370326,555794,6,185468,50.08,1
2021-01,Finance,Utilities,687912,864861,10,176949,25.72,1
2021-01,HR,Infrastructure,760855,726979,9,-33876,-4.45,0
2021-01,HR,Marketing,448402,356578,5,-91824,-20.48,0
2021-01,HR,Salaries,594732,650322,8,55590,9.35,0
2021-01,HR,Training,425185,529881,4,104696,24.62,0
2021-01,HR,Travel,888983,1012870,12,123887,13.94,0
2021-01,HR,Utilities,1077080,998948,11,-78132,-7.25,0
2021-01,IT,Infrastructure,303864,228642,5,-75222,-24.76,0
2021-01,IT,Marketing,358954,497827,5,138873,38.69,1
2021-01,IT,Salaries,175708,107388,2,-68320,-38.88,1
2021-01,IT,Training,485017,337259,5,-147758,-30.46,1
2021-01,IT,Travel,291152,435575,6,144423,49.6,1
2021-01,IT,Utilities,828882,811742,10,-17140,-2.07,0
2021-01,Marketing,Infrastructure,667699,517689,6,-150010,-22.47,0
2021-01,Marketing,Marketing,930701,1265342,12,334641,35.96,1
2021-01,Marketing,Salaries,341456,590622,5,249166,72.97,1
2021-01,Marketing,Training,751892,1187270,12,435378,57.9,1
2021-01,Marketing,Travel,461702,734235,8,272533,59.03,1
2021-01,Marketing,Utilities,1130649,824523,11,-306126,-27.08,1
2021-01,Operations,Infrastructure,424549,496149,5,71600,16.86,0
2021-01,Operations,Marketing,121018,332975,3,211957,175.15,1
2021-01,Operations,Salaries,635513,808107,8,172594,27.16,1
2021-01,Operations,Training,686237,917121,10,230884,33.64,1
2021-01,Operations,Travel,587627,764148,8,176521,30.04,1
2021-01,Operations,Utilities,628509,634180,8,5671,0.9,0
2021-01,Sales,Infrastructure,663079,764029,8,100950,15.22,0
2021-01,Sales,Marketing,449538,443674,5,-5864,-1.3,0
2021-01,Sales,Salaries,683682,783057,10,99375,14.54,0
2021-01,Sales,Training,803450,1127041,11,323591,40.28,1
2021-01,Sales,Travel,889344,907963,10,18619,2.09,0
2021-01,Sales,Utilities,387906,437934,5,50028,12.9,0
2021-02,Finance,Infrastructure,796875,780712,8,-16163,-2.03,0
2021-02,Finance,Marketing,192992,397953,4,204961,106.2,1
2021-02,Finance,Salaries,230084,201201,3,-28883,-12.55,0
2021-02,Finance,Training,650640,809416,8,158776,24.4,0
2021-02,Finance,Travel,744988,844142,9,99154,13.31,0
2021-02,Finance,Utilities,535287,531420,5,-3867,-0.72,0
2021-02,HR,Infrastructure,145417,288287,3,142870,98.25,1
2021-02,HR,Marketing,728860,961734,11,232874,31.95,1
2021-02,HR,Salaries,209366,356192,3,146826,70.13,1
2021-02,HR,Training,539672,515980,6,-23692,-4.39,0
2021-02,HR,Travel,1117982,1262434,14,144452,12.92,0
2021-02,HR,Utilities,559276,500639,8,-58637,-10.48,0
2021-02,IT,Infrastructure,313725,230750,3,-82975,-26.45,1
2021-02,IT,Marketing,692645,639714,7,-52931,-7.64,0
2021-02,IT,Salaries,268732,387737,4,119005,44.28,1
2021-02,IT,Training,349176,286711,4,-62465,-17.89,0
2021-02,IT,Travel,740093,899571,10,159478,21.55,0
2021-02,IT,Utilities,450332,881488,7,431156,95.74,1
2021-02,Marketing,Infrastructure,302954,260647,3,-42307,-13.96,0
2021-02,Marketing,Marketing,252077,487456,4,235379,93.38,1
2021-02,Marketing,Salaries,248706,331482,4,82776,33.28,1
2021-02,Marketing,Training,777694,816097,9,38403,4.94,0
2021-02,Marketing,Travel,464246,603081,7,138835,29.91,1
2021-02,Marketing,Utilities,427609,391596,5,-36013,-8.42,0
2021-02,Operations,Infrastructure,965287,1335984,13,370697,38.4,1
2021-02,Operations,Marketing,677509,596417,8,-81092,-11.97,0
2021-02,Operations,Salaries,188953,205992,3,17039,9.02,0
2021-02,Operations,Training,596740,478250,6,-118490,-19.86,0
2021-02,Operations,Travel,413089,429916,6,16827,4.07,0
2021-02,Operations,Utilities,961481,833675,11,-127806,-13.29,0
2021-02,Sales,Infrastructure,414299,440402,6,26103,6.3,0
2021-02,Sales,Marketing,588737,632121,6,43384,7.37,0
2021-02,Sales,Salaries,606571,671837,6,65266,10.76,0
2021-02,Sales,Training,455153,746821,8,291668,64.08,1
2021-02,Sales,Travel,409611,426262,5,16651,4.07,0
2021-02,Sales,Utilities,125765,168146,1,42381,33.7,1
2021-03,Finance,Infrastructure,475837,929831,9,453994,95.41,1
2021-03,Finance,Marketing,476395,532210,6,55815,11.72,0
2021-03,Finance,Salaries,400505,656179,8,255674,63.84,1
2021-03,Finance,Training,455470,902110,7,446640,98.06,1
2021-03,Finance,Travel,400158,445482,6,45324,11.33,0
2021-03,Finance,Utilities,351932,595679,5,243747,69.26,1
2021-03,HR,Infrastructure,527276,574049,8,46773,8.87,0
2021-03,HR,Marketing,14481,54534,1,40053,276.59,1
2021-03,HR,Salaries,536025,577316,9,41291,7.7,0
2021-03,HR,Training,517950,625958,5,108008,20.85,0
2021-03,HR,Travel,1163819,886680,11,-277139,-23.81,0
2021-03,HR,Utilities,769552,1054356,9,284804,37.01,1
2021-03,IT,Infrastructure,465139,366249,5,-98890,-21.26,0
2021-03,IT,Marketing,851129,804689,9,-46440,-5.46,0
2021-03,IT,Salaries,869755,1304769,11,435014,50.02,1
2021-03,IT,Training,662774,425575,8,-237199,-35.79,1
2021-03,IT,Travel,357100,404587,4,47487,13.3,0
2021-03,IT,Utilities,581941,945406,8,363465,62.46,1
2021-03,Marketing,Infrastructure,229745,447407,5,217662,94.74,1
2021-03,Marketing,Marketing,913174,1053824,11,140650,15.4,0
2021-03,Marketing,Salaries,330411,316240,5,-14171,-4.29,0
2021-03,Marketing,Training,858784,977522,11,118738,13.83,0
2021-03,Marketing,Travel,443355,600439,6,157084,35.43,1
2021-03,Marketing,Utilities,811675,984821,9,173146,21.33,0
2021-03,Operations,Infrastructure,100334,156586,2,56252,56.06,1
2021-03,Operations,Marketing,665762,758423,10,92661,13.92,0
2021-03,Operations,Salaries,377128,1031755,8,654627,173.58,1
2021-03,Operations,Training,712872,728560,9,15688,2.2,0
2021-03,Operations,Travel,313703,442993,4,129290,41.21,1
2021-03,Operations,Utilities,495605,437857,6,-57748,-11.65,0
2021-03,Sales,Infrastructure,509997,595671,6,85674,16.8,0
2021-03,Sales,Marketing,968510,1326633,13,358123,36.98,1
2021-03,Sales,Salaries,270951,150702,3,-120249,-44.38,1
2021-03,Sales,Training,585585,597358,7,11773,2.01,0
2021-03,Sales,Travel,439711,533413,5,93702,21.31,0
2021-03,Sales,Utilities,843160,1070046,13,226886,26.91,1
2021-04,Finance,Infrastructure,518244,972096,10,453852,87.57,1
2021-04,Finance,Marketing,618855,825532,9,206677,33.4,1
2021-04,Finance,Salaries,361923,374845,4,12922,3.57,0
2021-04,Finance,Training,438877,663097,7,224220,51.09,1
2021-04,Finance,Travel,914623,871101,9,-43522,-4.76,0
2021-04,Finance,Utilities,586126,666369,10,80243,13.69,0
2021-04,HR,Infrastructure,221614,183382,3,-38232,-17.25,0
2021-04,HR,Marketing,759722,916154,11,156432,20.59,0
2021-04,HR,Salaries,499569,681522,7,181953,36.42,1
2021-04,HR,Training,622389,629913,8,7524,1.21,0
2021-04,HR,Travel,751469,736482,9,-14987,-1.99,0
2021-04,HR,Utilities,468941,826753,7,357812,76.3,1
2021-04,IT,Infrastructure,772635,1023342,11,250707,32.45,1
2021-04,IT,Marketing,255005,353086,4,98081,38.46,1
2021-04,IT,Salaries,457614,377581,6,-80033,-17.49,0
2021-04,IT,Training,38878,119409,1,80531,207.14,1
2021-04,IT,Travel,332792,446540,5,113748,34.18,1
2021-04,IT,Utilities,784650,613960,10,-170690,-21.75,0
2021-04,Marketing,Infrastructure,258578,351555,3,92977,35.96,1
2021-04,Marketing,Marketing,410467,595360,6,184893,45.04,1
2021-04,Marketing,Salaries,507790,870689,9,362899,71.47,1
2021-04,Marketing,Training,536565,1058944,8,522379,97.36,1
2021-04,Marketing,Travel,564686,861461,8,296775,52.56,1
2021-04,Marketing,Utilities,244227,148669,3,-95558,-39.13,1
2021-04,Operations,Infrastructure,305292,498844,4,193552,63.4,1
2021-04,Operations,Marketing,268123,398369,5,130246,48.58,1
2021-04,Operations,Salaries,548568,961847,8,413279,75.34,1
2021-04,Operations,Training,809167,734702,10,-74465,-9.2,0
2021-04,Operations,Travel,175391,152414,3,-22977,-13.1,0
2021-04,Operations,Utilities,492789,625962,6,133173,27.02,1
2021-04,Sales,Infrastructure,413024,582090,7,169066,40.93,1
2021-04,Sales,Marketing,1088361,1197765,13,109404,10.05,0
2021-04,Sales,Salaries,1005357,904000,10,-101357,-10.08,0
2021-04,Sales,Training,612046,946966,8,334920,54.72,1
2021-04,Sales,Travel,981765,1050377,10,68612,6.99,0
2021-04,Sales,Utilities,1084124,1142926,12,58802,5.42,0
2021-05,Finance,Infrastructure,824678,1049502,11,224824,27.26,1
2021-05,Finance,Marketing,572195,773585,8,201390,35.2,1
2021-05,Finance,Salaries,549776,577330,6,27554,5.01,0
2021-05,Finance,Training,750322,971557,9,221235,29.49,1
2021-05,Finance,Travel,654694,582021,6,-72673,-11.1,0
2021-05,Finance,Utilities,602172,849992,8,247820,41.15,1
2021-05,HR,Infrastructure,801792,1062060,9,260268,32.46,1
2021-05,HR,Marketing,805609,760131,10,-45478,-5.65,0
2021-05,HR,Salaries,712543,644185,8,-68358,-9.59,0
2021-05,HR,Training,833533,902862,10,69329,8.32,0
2021-05,HR,Travel,573290,385819,6,-187471,-32.7,1
2021-05,HR,Utilities,661366,773696,10,112330,16.98,0
2021-05,IT,Infrastructure,632989,649836,7,16847,2.66,0
2021-05,IT,Marketing,390625,435557,6,44932,11.5,0
2021-05,IT,Salaries,258849,627875,5,369026,142.56,1
2021-05,IT,Training,1052359,1139576,10,87217,8.29,0
2021-05,IT,Travel,543141,519489,6,-23652,-4.35,0
2021-05,IT,Utilities,1105618,901153,11,-204465,-18.49,0
2021-05,Marketing,Infrastructure,367924,515027,5,147103,39.98,1
2021-05,Marketing,Marketing,960697,969390,11,8693,0.9,0
2021-05,Marketing,Salaries,894631,943498,10,48867,5.46,0
2021-05,Marketing,Training,634860,665172,7,30312,4.77,0
2021-05,Marketing,Travel,354204,235281,4,-118923,-33.57,1
2021-05,Marketing,Utilities,896035,1050316,12,154281,17.22,0
2021-05,Operations,Infrastructure,602530,579254,6,-23276,-3.86,0
2021-05,Operations,Marketing,261181,392256,4,131075,50.19,1
2021-05,Operations,Salaries,373335,539383,5,166048,44.48,1
2021-05,Operations,Training,755049,792772,8,37723,5.0,0
2021-05,Operations,Travel,890417,867793,10,-22624,-2.54,0
2021-05,Operations,Utilities,496565,728516,8,231951,46.71,1
2021-05,Sales,Infrastructure,472401,817445,9,345044,73.04,1
2021-05,Sales,Marketing,737841,476914,7,-260927,-35.36,1
2021-05,Sales,Salaries,900488,1158693,11,258205,28.67,1
2021-05,Sales,Training,554047,827229,10,273182,49.31,1
2021-05,Sales,Travel,977563,879569,9,-97994,-10.02,0
2021-05,Sales,Utilities,1141856,1205647,11,63791,5.59,0
2021-06,Finance,Infrastructure,1089545,908781,12,-180764,-16.59,0
2021-06,Finance,Marketing,596955,773292,8,176337,29.54,1
2021-06,Finance,Salaries,719439,555593,9,-163846,-22.77,0
2021-06,Finance,Training,679151,687488,9,8337,1.23,0
2021-06,Finance,Travel,604140,453283,5,-150857,-24.97,0
2021-06,Finance,Utilities,473201,634047,7,160846,33.99,1
2021-06,HR,Infrastructure,275054,178092,3,-96962,-35.25,1
2021-06,HR,Marketing,429256,390748,4,-38508,-8.97,0
2021-06,HR,Salaries,632479,795975,7,163496,25.85,1
2021-06,HR,Training,222794,341130,5,118336,53.11,1
2021-06,HR,Travel,779371,804473,11,25102,3.22,0
2021-06,HR,Utilities,916998,685866,8,-231132,-25.21,1
2021-06,IT,Infrastructure,814049,866520,9,52471,6.45,0
2021-06,IT,Marketing,857671,616584,9,-241087,-28.11,1
2021-06,IT,Salaries,415091,493528,6,78437,18.9,0
2021-06,IT,Training,647339,562590,6,-84749,-13.09,0
2021-06,IT,Travel,850041,583473,9,-266568,-31.36,1
2021-06,IT,Utilities,823329,602216,8,-221113,-26.86,1
2021-06,Marketing,Infrastructure,124246,310177,3,185931,149.65,1
2021-06,Marketing,Marketing,422720,607256,5,184536,43.65,1
2021-06,Marketing,Salaries,873763,905825,10,32062,3.67,0
2021-06,Marketing,Training,237953,339842,4,101889,42.82,1
2021-06,Marketing,Travel,517296,274970,5,-242326,-46.84,1
2021-06,Marketing,Utilities,613474,664637,7,51163,8.34,0
2021-06,Operations,Infrastructure,595556,590653,6,-4903,-0.82,0
2021-06,Operations,Marketing,600410,775974,6,175564,29.24,1
2021-06,Operations,Salaries,220123,396424,4,176301,80.09,1
2021-06,Operations,Training,435531,494153,6,58622,13.46,0
2021-06,Operations,Travel,634081,1115259,10,481178,75.89,1
2021-06,Operations,Utilities,579568,579265,7,-303,-0.05,0
2021-06,Sales,Infrastructure,819829,639591,9,-180238,-21.98,0
2021-06,Sales,Marketing,902314,907226,10,4912,0.54,0
2021-06,Sales,Salaries,825297,971817,9,146520,17.75,0
2021-06,Sales,Training,839112,625444,8,-213668,-25.46,1
2021-06,Sales,Travel,292897,464541,5,171644,58.6,1
2021-06,Sales,Utilities,904938,799495,9,-105443,-11.65,0
2021-07,Finance,Infrastructure,912746,939126,10,26380,2.89,0
2021-07,Finance,Marketing,401265,488888,6,87623,21.84,0
2021-07,Finance,Salaries,563091,730377,7,167286,29.71,1
2021-07,Finance,Training,388399,483330,5,94931,24.44,0
2021-07,Finance,Travel,1085549,1144261,13,58712,5.41,0
2021-07,Finance,Utilities,830023,1229803,11,399780,48.16,1
2021-07,HR,Infrastructure,244618,281413,4,36795,15.04,0
2021-07,HR,Marketing,541747,834888,10,293141,54.11,1
2021-07,HR,Salaries,714591,915879,9,201288,28.17,1
2021-07,HR,Training,1189398,1026641,13,-162757,-13.68,0
2021-07,HR,Travel,687783,920415,10,232632,33.82,1
2021-07,HR,Utilities,1107339,799672,11,-307667,-27.78,1
2021-07,IT,Infrastructure,582734,357511,7,-225223,-38.65,1
2021-07,IT,Marketing,357522,424261,6,66739,18.67,0
2021-07,IT,Salaries,456717,471366,6,14649,3.21,0
2021-07,IT,Training,446814,384853,5,-61961,-13.87,0
2021-07,IT,Travel,475068,643153,5,168085,35.38,1
2021-07,IT,Utilities,444103,278887,5,-165216,-37.2,1
2021-07,Marketing,Infrastructure,561247,751725,7,190478,33.94,1
2021-07,Marketing,Marketing,419247,570512,7,151265,36.08,1
2021-07,Marketing,Salaries,356997,397907,4,40910,11.46,0
2021-07,Marketing,Training,291766,355670,3,63904,21.9,0
2021-07,Marketing,Travel,1070141,1239111,13,168970,15.79,0
2021-07,Marketing,Utilities,365680,357086,5,-8594,-2.35,0
2021-07,Operations,Infrastructure,174974,211803,2,36829,21.05,0
2021-07,Operations,Marketing,548635,860341,8,311706,56.81,1
2021-07,Operations,Salaries,341654,583428,6,241774,70.77,1
2021-07,Operations,Training,559875,922033,8,362158,64.69,1
2021-07,Operations,Travel,1014530,727316,10,-287214,-28.31,1
2021-07,Operations,Utilities,415416,613605,6,198189,47.71,1
2021-07,Sales,Infrastructure,250772,415577,5,164805,65.72,1
2021-07,Sales,Marketing,932312,1029233,11,96921,10.4,0
2021-07,Sales,Salaries,139074,303954,3,164880,118.56,1
2021-07,Sales,Training,656451,562909,7,-93542,-14.25,0
2021-07,Sales,Travel,1265359,1352769,14,87410,6.91,0
2021-07,Sales,Utilities,678358,1076272,11,397914,58.66,1
2021-08,Finance,Infrastructure,525179,626234,8,101055,19.24,0
2021-08,Finance,Marketing,446324,328988,5,-117336,-26.29,1
2021-08,Finance,Salaries,575129,512017,7,-63112,-10.97,0
2021-08,Finance,Training,679927,473693,9,-206234,-30.33,1
2021-08,Finance,Travel,745549,918423,10,172874,23.19,0
2021-08,Finance,Utilities,717931,678034,11,-39897,-5.56,0
2021-08,HR,Infrastructure,661091,605781,9,-55310,-8.37,0
2021-08,HR,Marketing,508462,603987,6,95525,18.79,0
2021-08,HR,Salaries,402622,386283,5,-16339,-4.06,0
2021-08,HR,Training,721318,534546,7,-186772,-25.89,1
2021-08,HR,Travel,1062820,1324346,13,261526,24.61,0
2021-08,HR,Utilities,746384,845008,8,98624,13.21,0
2021-08,IT,Infrastructure,340381,269633,5,-70748,-20.78,0
2021-08,IT,Marketing,269660,284116,5,14456,5.36,0
2021-08,IT,Salaries,786361,560456,8,-225905,-28.73,1
2021-08,IT,Training,761078,965251,11,204173,26.83,1
2021-08,IT,Travel,983081,829968,11,-153113,-15.57,0
2021-08,IT,Utilities,425018,472739,6,47721,11.23,0
2021-08,Marketing,Infrastructure,1089877,882021,12,-207856,-19.07,0
2021-08,Marketing,Marketing,499154,486827,5,-12327,-2.47,0
2021-08,Marketing,Salaries,492451,748797,8,256346,52.06,1
2021-08,Marketing,Training,688010,1003273,9,315263,45.82,1
2021-08,Marketing,Travel,902759,1145510,12,242751,26.89,1
2021-08,Marketing,Utilities,716718,949338,10,232620,32.46,1
2021-08,Operations,Infrastructure,711702,698265,8,-13437,-1.89,0
2021-08,Operations,Marketing,420155,534257,6,114102,27.16,1
2021-08,Operations,Salaries,730558,876654,11,146096,20.0,0
2021-08,Operations,Training,839396,957605,11,118209,14.08,0
2021-08,Operations,Travel,788855,930024,9,141169,17.9,0
2021-08,Operations,Utilities,560490,586781,7,26291,4.69,0
2021-08,Sales,Infrastructure,979330,952760,11,-26570,-2.71,0
2021-08,Sales,Marketing,718091,766853,9,48762,6.79,0
2021-08,Sales,Salaries,669667,877790,8,208123,31.08,1
2021-08,Sales,Training,726073,560337,8,-165736,-22.83,0
2021-08,Sales,Travel,269102,268612,4,-490,-0.18,0
2021-08,Sales,Utilities,447226,558582,7,111356,24.9,0
2021-09,Finance,Infrastructure,386748,658834,7,272086,70.35,1
2021-09,Finance,Marketing,445526,503027,5,57501,12.91,0
2021-09,Finance,Salaries,786047,808389,9,22342,2.84,0
2021-09,Finance,Training,1296171,1303077,13,6906,0.53,0
2021-09,Finance,Travel,803278,768372,10,-34906,-4.35,0
2021-09,Finance,Utilities,527534,546587,8,19053,3.61,0
2021-09,HR,Infrastructure,1081212,1007176,11,-74036,-6.85,0
2021-09,HR,Marketing,690818,947333,10,256515,37.13,1
2021-09,HR,Salaries,673548,702696,10,29148,4.33,0
2021-09,HR,Training,520627,738450,7,217823,41.84,1
2021-09,HR,Travel,941127,1372706,13,431579,45.86,1
2021-09,HR,Utilities,992674,940187,11,-52487,-5.29,0
2021-09,IT,Infrastructure,1003254,892055,10,-111199,-11.08,0
2021-09,IT,Marketing,375742,536973,5,161231,42.91,1
2021-09,IT,Salaries,538084,556966,6,18882,3.51,0
2021-09,IT,Training,535747,784048,6,248301,46.35,1
2021-09,IT,Travel,470814,606177,7,135363,28.75,1
2021-09,IT,Utilities,727536,940284,12,212748,29.24,1
2021-09,Marketing,Infrastructure,480611,294651,6,-185960,-38.69,1
2021-09,Marketing,Marketing,650891,795372,8,144481,22.2,0
2021-09,Marketing,Salaries,667617,805575,7,137958,20.66,0
2021-09,Marketing,Training,1021440,994354,12,-27086,-2.65,0
2021-09,Marketing,Travel,143633,209233,2,65600,45.67,1
2021-09,Marketing,Utilities,651337,646781,7,-4556,-0.7,0
2021-09,Operations,Infrastructure,465649,426873,5,-38776,-8.33,0
2021-09,Operations,Marketing,803630,762317,9,-41313,-5.14,0
2021-09,Operations,Salaries,552815,901562,9,348747,63.09,1
2021-09,Operations,Training,484888,406875,5,-78013,-16.09,0
2021-09,Operations,Travel,409036,710171,7,301135,73.62,1
2021-09,Operations,Utilities,802081,1097781,10,295700,36.87,1
2021-09,Sales,Infrastructure,685630,761791,8,76161,11.11,0
2021-09,Sales,Marketing,266153,495105,4,228952,86.02,1
2021-09,Sales,Salaries,252514,469107,5,216593,85.77,1
2021-09,Sales,Training,731430,648689,8,-82741,-11.31,0
2021-09,Sales,Travel,185057,354685,3,169628,91.66,1
2021-09,Sales,Utilities,443162,435727,4,-7435,-1.68,0
2021-10,Finance,Infrastructure,134116,275667,3,141551,105.54,1
2021-10,Finance,Marketing,736775,893813,7,157038,21.31,0
2021-10,Finance,Salaries,585535,966627,10,381092,65.08,1
2021-10,Finance,Training,480306,265706,5,-214600,-44.68,1
2021-10,Finance,Travel,694528,634904,9,-59624,-8.58,0
2021-10,Finance,Utilities,196748,242994,3,46246,23.51,0
2021-10,HR,Infrastructure,462444,656239,7,193795,41.91,1
2021-10,HR,Marketing,478985,562348,5,83363,17.4,0
2021-10,HR,Salaries,604537,769513,9,164976,27.29,1
2021-10,HR,Training,558549,728786,9,170237,30.48,1
2021-10,HR,Travel,811381,626189,8,-185192,-22.82,0
2021-10,HR,Utilities,405977,290466,4,-115511,-28.45,1
2021-10,IT,Infrastructure,132469,342390,3,209921,158.47,1
2021-10,IT,Marketing,920673,1106030,12,185357,20.13,0
2021-10,IT,Salaries,699974,823455,10,123481,17.64,0
2021-10,IT,Training,901335,1018738,12,117403,13.03,0
2021-10,IT,Travel,530946,882085,8,351139,66.13,1
2021-10,IT,Utilities,143232,113444,1,-29788,-20.8,0
2021-10,Marketing,Infrastructure,756979,652582,7,-104397,-13.79,0
2021-10,Marketing,Marketing,391948,446235,7,54287,13.85,0
2021-10,Marketing,Salaries,567475,451665,6,-115810,-20.41,0
2021-10,Marketing,Training,707688,841719,9,134031,18.94,0
2021-10,Marketing,Travel,369169,358590,4,-10579,-2.87,0
2021-10,Marketing,Utilities,870257,1115753,12,245496,28.21,1
2021-10,Operations,Infrastructure,887349,908258,9,20909,2.36,0
2021-10,Operations,Marketing,148140,79401,2,-68739,-46.4,1
2021-10,Operations,Salaries,772456,943231,11,170775,22.11,0
2021-10,Operations,Training,709898,514165,7,-195733,-27.57,1
2021-10,Operations,Travel,449772,668273,7,218501,48.58,1
2021-10,Operations,Utilities,592024,808956,8,216932,36.64,1
2021-10,Sales,Infrastructure,483499,725872,8,242373,50.13,1
2021-10,Sales,Marketing,455519,491259,7,35740,7.85,0
2021-10,Sales,Salaries,54641,108416,2,53775,98.42,1
2021-10,Sales,Training,671095,650588,8,-20507,-3.06,0
2021-10,Sales,Travel,631198,599817,7,-31381,-4.97,0
2021-10,Sales,Utilities,596550,615858,6,19308,3.24,0
2021-11,Finance,Infrastructure,569663,437728,6,-131935,-23.16,0
2021-11,Finance,Marketing,481392,479767,5,-1625,-0.34,0
2021-11,Finance,Salaries,621794,697246,7,75452,12.13,0
2021-11,Finance,Training,870009,575033,9,-294976,-33.9,1
2021-11,Finance,Travel,483315,368800,7,-114515,-23.69,0
2021-11,Finance,Utilities,551030,553427,7,2397,0.44,0
2021-11,HR,Infrastructure,939594,1169674,13,230080,24.49,0
2021-11,HR,Marketing,467964,705181,5,237217,50.69,1
2021-11,HR,Salaries,260033,76515,3,-183518,-70.57,1
2021-11,HR,Training,307846,348984,3,41138,13.36,0
2021-11,HR,Travel,649845,570681,8,-79164,-12.18,0
2021-11,HR,Utilities,343166,478156,5,134990,39.34,1
2021-11,IT,Infrastructure,712167,687984,9,-24183,-3.4,0
2021-11,IT,Marketing,744133,726773,8,-17360,-2.33,0
2021-11,IT,Salaries,623682,802890,9,179208,28.73,1
2021-11,IT,Training,351674,377586,5,25912,7.37,0
2021-11,IT,Travel,783253,1102450,12,319197,40.75,1
2021-11,IT,Utilities,496834,605045,8,108211,21.78,0
2021-11,Marketing,Infrastructure,493660,526246,7,32586,6.6,0
2021-11,Marketing,Marketing,958562,1097375,12,138813,14.48,0
2021-11,Marketing,Salaries,639561,894117,8,254556,39.8,1
2021-11,Marketing,Training,628602,606321,8,-22281,-3.54,0
2021-11,Marketing,Travel,802586,795356,9,-7230,-0.9,0
2021-11,Marketing,Utilities,645385,883976,8,238591,36.97,1
2021-11,Operations,Infrastructure,343563,226306,3,-117257,-34.13,1
2021-11,Operations,Marketing,432645,619291,6,186646,43.14,1
2021-11,Operations,Salaries,801482,1091565,11,290083,36.19,1
2021-11,Operations,Training,953504,786505,11,-166999,-17.51,0
2021-11,Operations,Travel,353036,291715,3,-61321,-17.37,0
2021-11,Operations,Utilities,544543,502629,5,-41914,-7.7,0
2021-11,Sales,Infrastructure,774594,964187,10,189593,24.48,0
2021-11,Sales,Marketing,279270,262259,3,-17011,-6.09,0
2021-11,Sales,Salaries,614885,572104,7,-42781,-6.96,0
2021-11,Sales,Training,160817,126146,2,-34671,-21.56,0
2021-11,Sales,Travel,637367,806399,9,169032,26.52,1
2021-11,Sales,Utilities,1361699,1152053,14,-209646,-15.4,0
2021-12,Finance,Infrastructure,429231,730472,7,301241,70.18,1
2021-12,Finance,Marketing,673531,570534,7,-102997,-15.29,0
2021-12,Finance,Salaries,514510,469919,5,-44591,-8.67,0
2021-12,Finance,Training,787490,648550,8,-138940,-17.64,0
2021-12,Finance,Travel,535788,499671,7,-36117,-6.74,0
2021-12,Finance,Utilities,622895,515417,6,-107478,-17.25,0
2021-12,HR,Infrastructure,283149,332261,5,49112,17.34,0
2021-12,HR,Marketing,886677,814550,10,-72127,-8.13,0
2021-12,HR,Salaries,731834,777157,9,45323,6.19,0
2021-12,HR,Training,516176,623491,6,107315,20.79,0
2021-12,HR,Travel,760414,781825,9,21411,2.82,0
2021-12,HR,Utilities,706528,539989,8,-166539,-23.57,0
2021-12,IT,Infrastructure,856896,675684,10,-181212,-21.15,0
2021-12,IT,Marketing,503207,604834,7,101627,20.2,0
2021-12,IT,Salaries,1006046,971571,11,-34475,-3.43,0
2021-12,IT,Training,630978,818093,7,187115,29.65,1
2021-12,IT,Travel,1006600,1090895,12,84295,8.37,0
2021-12,IT,Utilities,468898,554227,6,85329,18.2,0
2021-12,Marketing,Infrastructure,533257,530814,7,-2443,-0.46,0
2021-12,Marketing,Marketing,616033,857001,8,240968,39.12,1
2021-12,Marketing,Salaries,216708,190823,4,-25885,-11.94,0
2021-12,Marketing,Training,360529,432610,5,72081,19.99,0
2021-12,Marketing,Travel,713134,590757,8,-122377,-17.16,0
2021-12,Marketing,Utilities,653229,758612,9,105383,16.13,0
2021-12,Operations,Infrastructure,306643,445733,4,139090,45.36,1
2021-12,Operations,Marketing,661758,958699,8,296941,44.87,1
2021-12,Operations,Salaries,592264,520603,8,-71661,-12.1,0
2021-12,Operations,Training,1264862,1112301,14,-152561,-12.06,0
2021-12,Operations,Travel,614759,783499,9,168740,27.45,1
2021-12,Operations,Utilities,573102,401379,7,-171723,-29.96,1
2021-12,Sales,Infrastructure,601074,789698,7,188624,31.38,1
2021-12,Sales,Marketing,431651,604688,6,173037,40.09,1
2021-12,Sales,Salaries,652465,813751,6,161286,24.72,0
2021-12,Sales,Training,249628,305990,4,56362,22.58,0
2021-12,Sales,Travel,448232,476630,6,28398,6.34,0
2021-12,Sales,Utilities,369374,398008,5,28634,7.75,0
2022-01,Finance,Infrastructure,517317,613468,7,96151,18.59,0
2022-01,Finance,Marketing,764295,937278,10,172983,22.63,0
2022-01,Finance,Salaries,971920,1102607,13,130687,13.45,0
2022-01,Finance,Training,959383,1074501,13,115118,12.0,0
2022-01,Finance,Travel,723447,802250,9,78803,10.89,0
2022-01,Finance,Utilities,805122,908650,12,103528,12.86,0
2022-01,HR,Infrastructure,606667,945980,8,339313,55.93,1
2022-01,HR,Marketing,1139137,1374431,15,235294,20.66,0
2022-01,HR,Salaries,824994,531288,8,-293706,-35.6,1
2022-01,HR,Training,544704,695220,7,150516,27.63,1
2022-01,HR,Travel,448421,661203,7,212782,47.45,1
2022-01,HR,Utilities,477219,524610,6,47391,9.93,0
2022-01,IT,Infrastructure,336418,391639,5,55221,16.41,0
2022-01,IT,Marketing,182545,510757,4,328212,179.8,1
2022-01,IT,Salaries,431837,503447,6,71610,16.58,0
2022-01,IT,Training,785500,725616,10,-59884,-7.62,0
2022-01,IT,Travel,901950,858929,10,-43021,-4.77,0
2022-01,IT,Utilities,488653,689518,6,200865,41.11,1
2022-01,Marketing,Infrastructure,787095,980136,11,193041,24.53,0
2022-01,Marketing,Marketing,779999,713981,9,-66018,-8.46,0
2022-01,Marketing,Salaries,878163,350816,10,-527347,-60.05,1
2022-01,Marketing,Training,452349,741579,6,289230,63.94,1
2022-01,Marketing,Travel,867631,1065579,10,197948,22.81,0
2022-01,Marketing,Utilities,427742,556058,6,128316,30.0,1
2022-01,Operations,Infrastructure,589599,608703,7,19104,3.24,0
2022-01,Operations,Marketing,315032,547542,7,232510,73.81,1
2022-01,Operations,Salaries,373136,207635,5,-165501,-44.35,1
2022-01,Operations,Training,1017738,1035880,11,18142,1.78,0
2022-01,Operations,Travel,381056,623665,5,242609,63.67,1
2022-01,Operations,Utilities,550818,996718,9,445900,80.95,1
2022-01,Sales,Infrastructure,532878,678323,7,145445,27.29,1
2022-01,Sales,Marketing,609978,767444,8,157466,25.82,1
2022-01,Sales,Salaries,1325170,928516,12,-396654,-29.93,1
2022-01,Sales,Training,746347,1140803,11,394456,52.85,1
2022-01,Sales,Travel,515440,532738,6,17298,3.36,0
2022-01,Sales,Utilities,486592,400009,5,-86583,-17.79,0
2022-02,Finance,Infrastructure,256731,259829,5,3098,1.21,0
2022-02,Finance,Marketing,281786,298260,5,16474,5.85,0
2022-02,Finance,Salaries,570448,556721,8,-13727,-2.41,0
2022-02,Finance,Training,553631,604619,8,50988,9.21,0
2022-02,Finance,Travel,824638,769861,8,-54777,-6.64,0
2022-02,Finance,Utilities,271636,351709,4,80073,29.48,1
2022-02,HR,Infrastructure,1048558,1301932,11,253374,24.16,0
2022-02,HR,Marketing,445804,577405,5,131601,29.52,1
2022-02,HR,Salaries,324244,354548,5,30304,9.35,0
2022-02,HR,Training,538014,663969,7,125955,23.41,0
2022-02,HR,Travel,733421,724489,8,-8932,-1.22,0
2022-02,HR,Utilities,480777,956983,8,476206,99.05,1
2022-02,IT,Infrastructure,111255,71259,2,-39996,-35.95,1
2022-02,IT,Marketing,881410,800804,11,-80606,-9.15,0
2022-02,IT,Salaries,202225,421801,4,219576,108.58,1
2022-02,IT,Training,330614,524381,5,193767,58.61,1
2022-02,IT,Travel,176936,476013,4,299077,169.03,1
2022-02,IT,Utilities,486699,668780,7,182081,37.41,1
2022-02,Marketing,Infrastructure,620602,814528,8,193926,31.25,1
2022-02,Marketing,Marketing,581668,678344,7,96676,16.62,0
2022-02,Marketing,Salaries,835017,783948,8,-51069,-6.12,0
2022-02,Marketing,Training,478844,651384,7,172540,36.03,1
2022-02,Marketing,Travel,532760,721636,7,188876,35.45,1
2022-02,Marketing,Utilities,473283,208952,6,-264331,-55.85,1
2022-02,Operations,Infrastructure,1030056,733179,10,-296877,-28.82,1
2022-02,Operations,Marketing,456190,368274,5,-87916,-19.27,0
2022-02,Operations,Salaries,575412,837456,8,262044,45.54,1
2022-02,Operations,Training,483825,505774,7,21949,4.54,0
2022-02,Operations,Travel,195386,66190,2,-129196,-66.12,1
2022-02,Operations,Utilities,235599,396952,4,161353,68.49,1
2022-02,Sales,Infrastructure,383707,557376,6,173669,45.26,1
2022-02,Sales,Marketing,588466,671645,10,83179,14.13,0
2022-02,Sales,Salaries,1342205,1408422,15,66217,4.93,0
2022-02,Sales,Training,701741,462703,7,-239038,-34.06,1
2022-02,Sales,Travel,1112619,837739,11,-274880,-24.71,0
2022-02,Sales,Utilities,149949,98273,1,-51676,-34.46,1
2022-03,Finance,Infrastructure,598947,647581,8,48634,8.12,0
2022-03,Finance,Marketing,109635,83412,2,-26223,-23.92,0
2022-03,Finance,Salaries,771034,831044,9,60010,7.78,0
2022-03,Finance,Training,464256,398259,5,-65997,-14.22,0
2022-03,Finance,Travel,650289,682710,8,32421,4.99,0
2022-03,Finance,Utilities,810655,995053,10,184398,22.75,0
2022-03,HR,Infrastructure,67523,403571,3,336048,497.68,1
2022-03,HR,Marketing,209295,149266,4,-60029,-28.68,1
2022-03,HR,Salaries,1134971,1037208,13,-97763,-8.61,0
2022-03,HR,Training,277485,429140,6,151655,54.65,1
2022-03,HR,Travel,828857,1279839,11,450982,54.41,1
2022-03,HR,Utilities,166934,218310,3,51376,30.78,1
2022-03,IT,Infrastructure,435704,408561,5,-27143,-6.23,0
2022-03,IT,Marketing,478876,827663,8,348787,72.83,1
2022-03,IT,Salaries,610235,794444,10,184209,30.19,1
2022-03,IT,Training,836392,1109156,12,272764,32.61,1
2022-03,IT,Travel,895923,1216477,13,320554,35.78,1
2022-03,IT,Utilities,810203,976385,9,166182,20.51,0
2022-03,Marketing,Infrastructure,352246,358926,5,6680,1.9,0
2022-03,Marketing,Marketing,521688,381899,5,-139789,-26.8,1
2022-03,Marketing,Salaries,532343,812070,7,279727,52.55,1
2022-03,Marketing,Training,220151,131228,3,-88923,-40.39,1
2022-03,Marketing,Travel,952014,953023,12,1009,0.11,0
2022-03,Marketing,Utilities,858709,868197,10,9488,1.1,0
2022-03,Operations,Infrastructure,722263,687737,8,-34526,-4.78,0
2022-03,Operations,Marketing,459750,652754,7,193004,41.98,1
2022-03,Operations,Salaries,696269,780021,8,83752,12.03,0
2022-03,Operations,Training,487788,721853,6,234065,47.98,1
2022-03,Operations,Travel,634272,671396,7,37124,5.85,0
2022-03,Operations,Utilities,339332,423355,4,84023,24.76,0
2022-03,Sales,Infrastructure,1201518,1328436,17,126918,10.56,0
2022-03,Sales,Marketing,100903,312148,4,211245,209.35,1
2022-03,Sales,Salaries,559904,888941,7,329037,58.77,1
2022-03,Sales,Training,630003,770154,9,140151,22.25,0
2022-03,Sales,Travel,765231,752004,11,-13227,-1.73,0
2022-03,Sales,Utilities,713433,909590,11,196157,27.49,1
2022-04,Finance,Infrastructure,829206,915745,10,86539,10.44,0
2022-04,Finance,Marketing,398853,421345,6,22492,5.64,0
2022-04,Finance,Salaries,721033,1068295,10,347262,48.16,1
2022-04,Finance,Training,375984,330379,5,-45605,-12.13,0
2022-04,Finance,Travel,205178,268596,3,63418,30.91,1
2022-04,Finance,Utilities,489671,497817,7,8146,1.66,0
2022-04,HR,Infrastructure,400349,358954,5,-41395,-10.34,0
2022-04,HR,Marketing,620683,503648,7,-117035,-18.86,0
2022-04,HR,Salaries,460856,340115,5,-120741,-26.2,1
2022-04,HR,Training,774690,907375,10,132685,17.13,0
2022-04,HR,Travel,567295,773463,7,206168,36.34,1
2022-04,HR,Utilities,515661,539059,6,23398,4.54,0
2022-04,IT,Infrastructure,580123,577966,6,-2157,-0.37,0
2022-04,IT,Marketing,521155,395848,5,-125307,-24.04,0
2022-04,IT,Salaries,311091,372161,5,61070,19.63,0
2022-04,IT,Training,313339,395619,4,82280,26.26,1
2022-04,IT,Travel,549329,529285,7,-20044,-3.65,0
2022-04,IT,Utilities,449638,659909,6,210271,46.76,1
2022-04,Marketing,Infrastructure,802745,911136,10,108391,13.5,0
2022-04,Marketing,Marketing,614702,855006,10,240304,39.09,1
2022-04,Marketing,Salaries,670753,839221,9,168468,25.12,1
2022-04,Marketing,Training,711891,853993,8,142102,19.96,0
2022-04,Marketing,Travel,699590,971944,10,272354,38.93,1
2022-04,Marketing,Utilities,790334,891637,12,101303,12.82,0
2022-04,Operations,Infrastructure,686388,930984,9,244596,35.64,1
2022-04,Operations,Marketing,339328,555698,5,216370,63.76,1
2022-04,Operations,Salaries,472090,594140,6,122050,25.85,1
2022-04,Operations,Training,513384,742859,8,229475,44.7,1
2022-04,Operations,Travel,748393,797064,10,48671,6.5,0
2022-04,Operations,Utilities,1109511,1160484,13,50973,4.59,0
2022-04,Sales,Infrastructure,375512,614485,7,238973,63.64,1
2022-04,Sales,Marketing,836829,944851,10,108022,12.91,0
2022-04,Sales,Salaries,419609,552402,7,132793,31.65,1
2022-04,Sales,Training,627402,576549,7,-50853,-8.11,0
2022-04,Sales,Travel,746912,876695,11,129783,17.38,0
2022-04,Sales,Utilities,312138,530488,5,218350,69.95,1
2022-05,Finance,Infrastructure,715607,558381,6,-157226,-21.97,0
2022-05,Finance,Marketing,399805,599435,7,199630,49.93,1
2022-05,Finance,Salaries,635762,532958,8,-102804,-16.17,0
2022-05,Finance,Training,1021020,1124871,12,103851,10.17,0
2022-05,Finance,Travel,573474,900870,8,327396,57.09,1
2022-05,Finance,Utilities,554597,672325,7,117728,21.23,0
2022-05,HR,Infrastructure,669088,440453,6,-228635,-34.17,1
2022-05,HR,Marketing,811155,651827,8,-159328,-19.64,0
2022-05,HR,Salaries,869770,928974,9,59204,6.81,0
2022-05,HR,Training,839153,1227337,11,388184,46.26,1
2022-05,HR,Travel,739042,890745,11,151703,20.53,0
2022-05,HR,Utilities,727886,948327,11,220441,30.29,1
2022-05,IT,Infrastructure,842095,1269954,11,427859,50.81,1
2022-05,IT,Marketing,816224,1154745,11,338521,41.47,1
2022-05,IT,Salaries,407666,366045,4,-41621,-10.21,0
2022-05,IT,Training,696352,793072,8,96720,13.89,0
2022-05,IT,Travel,522795,542315,6,19520,3.73,0
2022-05,IT,Utilities,872099,1248557,15,376458,43.17,1
2022-05,Marketing,Infrastructure,840137,832372,10,-7765,-0.92,0
2022-05,Marketing,Marketing,392694,383544,4,-9150,-2.33,0
2022-05,Marketing,Salaries,400577,695793,7,295216,73.7,1
2022-05,Marketing,Training,413840,589197,6,175357,42.37,1
2022-05,Marketing,Travel,296762,586379,6,289617,97.59,1
2022-05,Marketing,Utilities,1034166,920759,13,-113407,-10.97,0
2022-05,Operations,Infrastructure,483588,704597,6,221009,45.7,1
2022-05,Operations,Marketing,394327,545150,5,150823,38.25,1
2022-05,Operations,Salaries,406486,598588,5,192102,47.26,1
2022-05,Operations,Training,693019,862380,9,169361,24.44,0
2022-05,Operations,Travel,760109,522404,7,-237705,-31.27,1
2022-05,Operations,Utilities,813805,601704,10,-212101,-26.06,1
2022-05,Sales,Infrastructure,414346,257134,5,-157212,-37.94,1
2022-05,Sales,Marketing,837313,870650,8,33337,3.98,0
2022-05,Sales,Salaries,625102,1118656,11,493554,78.96,1
2022-05,Sales,Training,393486,358299,7,-35187,-8.94,0
2022-05,Sales,Travel,542962,785283,8,242321,44.63,1
2022-05,Sales,Utilities,295517,521426,5,225909,76.45,1
2022-06,Finance,Infrastructure,605254,573475,8,-31779,-5.25,0
2022-06,Finance,Marketing,669327,702957,8,33630,5.02,0
2022-06,Finance,Salaries,340453,729764,6,389311,114.35,1
2022-06,Finance,Training,537315,619603,6,82288,15.31,0
2022-06,Finance,Travel,389029,509244,6,120215,30.9,1
2022-06,Finance,Utilities,476468,565824,5,89356,18.75,0
2022-06,HR,Infrastructure,1108710,951397,11,-157313,-14.19,0
2022-06,HR,Marketing,487172,580068,8,92896,19.07,0
2022-06,HR,Salaries,635224,595807,8,-39417,-6.21,0
2022-06,HR,Training,1143677,1265094,12,121417,10.62,0
2022-06,HR,Travel,490221,480852,6,-9369,-1.91,0
2022-06,HR,Utilities,1105668,1044211,15,-61457,-5.56,0
2022-06,IT,Infrastructure,634952,649440,9,14488,2.28,0
2022-06,IT,Marketing,742194,683018,9,-59176,-7.97,0
2022-06,IT,Salaries,621028,579832,6,-41196,-6.63,0
2022-06,IT,Training,501136,385877,7,-115259,-23.0,0
2022-06,IT,Travel,768359,737921,9,-30438,-3.96,0
2022-06,IT,Utilities,763974,1015920,9,251946,32.98,1
2022-06,Marketing,Infrastructure,590735,626196,7,35461,6.0,0
2022-06,Marketing,Marketing,824825,1102795,11,277970,33.7,1
2022-06,Marketing,Salaries,1167761,970127,11,-197634,-16.92,0
2022-06,Marketing,Training,388875,468837,5,79962,20.56,0
2022-06,Marketing,Travel,486143,499790,6,13647,2.81,0
2022-06,Marketing,Utilities,102036,194254,2,92218,90.38,1
2022-06,Operations,Infrastructure,325531,399394,4,73863,22.69,0
2022-06,Operations,Marketing,1097078,1266833,13,169755,15.47,0
2022-06,Operations,Salaries,653698,575751,8,-77947,-11.92,0
2022-06,Operations,Training,394692,562456,6,167764,42.51,1
2022-06,Operations,Travel,555693,622567,9,66874,12.03,0
2022-06,Operations,Utilities,279003,562254,6,283251,101.52,1
2022-06,Sales,Infrastructure,392839,499765,7,106926,27.22,1
2022-06,Sales,Marketing,1179540,1011412,11,-168128,-14.25,0
2022-06,Sales,Salaries,665547,430024,8,-235523,-35.39,1
2022-06,Sales,Training,849818,1236936,11,387118,45.55,1
2022-06,Sales,Travel,400247,620604,7,220357,55.06,1
2022-06,Sales,Utilities,313674,555282,5,241608,77.03,1
2022-07,Finance,Infrastructure,609520,501238,7,-108282,-17.77,0
2022-07,Finance,Marketing,304058,604816,5,300758,98.91,1
2022-07,Finance,Salaries,590520,793136,7,202616,34.31,1
2022-07,Finance,Training,597750,473937,6,-123813,-20.71,0
2022-07,Finance,Travel,1254306,1306816,14,52510,4.19,0
2022-07,Finance,Utilities,522687,254549,5,-268138,-51.3,1
2022-07,HR,Infrastructure,323239,338608,4,15369,4.75,0
2022-07,HR,Marketing,1506309,1251460,14,-254849,-16.92,0
2022-07,HR,Salaries,455452,643343,6,187891,41.25,1
2022-07,HR,Training,175541,287281,2,111740,63.65,1
2022-07,HR,Travel,750584,801380,10,50796,6.77,0
2022-07,HR,Utilities,807224,1073932,13,266708,33.04,1
2022-07,IT,Infrastructure,850027,709926,8,-140101,-16.48,0
2022-07,IT,Marketing,667944,1063046,8,395102,59.15,1
2022-07,IT,Salaries,473991,622865,7,148874,31.41,1
2022-07,IT,Training,671580,755399,10,83819,12.48,0
2022-07,IT,Travel,781833,761308,10,-20525,-2.63,0
2022-07,IT,Utilities,956435,1040858,11,84423,8.83,0
2022-07,Marketing,Infrastructure,472210,560372,7,88162,18.67,0
2022-07,Marketing,Marketing,588199,708520,9,120321,20.46,0
2022-07,Marketing,Salaries,729751,1158416,11,428665,58.74,1
2022-07,Marketing,Training,433844,729576,8,295732,68.17,1
2022-07,Marketing,Travel,833802,814901,8,-18901,-2.27,0
2022-07,Marketing,Utilities,514647,423390,7,-91257,-17.73,0
2022-07,Operations,Infrastructure,739530,845074,9,105544,14.27,0
2022-07,Operations,Marketing,482709,633007,8,150298,31.14,1
2022-07,Operations,Salaries,621260,600655,8,-20605,-3.32,0
2022-07,Operations,Training,495496,240359,5,-255137,-51.49,1
2022-07,Operations,Travel,730185,967302,10,237117,32.47,1
2022-07,Operations,Utilities,613506,808238,10,194732,31.74,1
2022-07,Sales,Infrastructure,570033,561040,6,-8993,-1.58,0
2022-07,Sales,Marketing,1134492,1237352,12,102860,9.07,0
2022-07,Sales,Salaries,437008,517319,5,80311,18.38,0
2022-07,Sales,Training,634584,593231,6,-41353,-6.52,0
2022-07,Sales,Travel,763887,787554,8,23667,3.1,0
2022-07,Sales,Utilities,609131,645486,8,36355,5.97,0
2022-08,Finance,Infrastructure,569758,749347,8,179589,31.52,1
2022-08,Finance,Marketing,677652,621727,8,-55925,-8.25,0
2022-08,Finance,Salaries,683203,671961,7,-11242,-1.65,0
2022-08,Finance,Training,199650,340517,3,140867,70.56,1
2022-08,Finance,Travel,692906,641005,9,-51901,-7.49,0
2022-08,Finance,Utilities,826888,822768,11,-4120,-0.5,0
2022-08,HR,Infrastructure,725395,1049092,11,323697,44.62,1
2022-08,HR,Marketing,900130,853319,9,-46811,-5.2,0
2022-08,HR,Salaries,501510,930500,9,428990,85.54,1
2022-08,HR,Training,683554,780186,8,96632,14.14,0
2022-08,HR,Travel,745332,958144,10,212812,28.55,1
2022-08,HR,Utilities,962941,962227,11,-714,-0.07,0
2022-08,IT,Infrastructure,356955,707654,8,350699,98.25,1
2022-08,IT,Marketing,583878,514301,7,-69577,-11.92,0
2022-08,IT,Salaries,615497,776708,9,161211,26.19,1
2022-08,IT,Training,340697,210756,4,-129941,-38.14,1
2022-08,IT,Travel,601200,735175,10,133975,22.28,0
2022-08,IT,Utilities,867918,1117566,11,249648,28.76,1
2022-08,Marketing,Infrastructure,667706,423897,8,-243809,-36.51,1
2022-08,Marketing,Marketing,275417,444934,6,169517,61.55,1
2022-08,Marketing,Salaries,429714,758442,7,328728,76.5,1
2022-08,Marketing,Training,84695,216537,3,131842,155.67,1
2022-08,Marketing,Travel,703613,1218239,11,514626,73.14,1
2022-08,Marketing,Utilities,748625,800556,9,51931,6.94,0
2022-08,Operations,Infrastructure,527429,591458,7,64029,12.14,0
2022-08,Operations,Marketing,990865,1015318,12,24453,2.47,0
2022-08,Operations,Salaries,517148,498101,6,-19047,-3.68,0
2022-08,Operations,Training,507569,654684,7,147115,28.98,1
2022-08,Operations,Travel,467356,383706,5,-83650,-17.9,0
2022-08,Operations,Utilities,1354250,1108843,16,-245407,-18.12,0
2022-08,Sales,Infrastructure,519056,657604,6,138548,26.69,1
2022-08,Sales,Marketing,1083066,1320397,13,237331,21.91,0
2022-08,Sales,Salaries,511767,939152,7,427385,83.51,1
2022-08,Sales,Training,966218,781690,10,-184528,-19.1,0
2022-08,Sales,Travel,500126,429222,4,-70904,-14.18,0
2022-08,Sales,Utilities,389344,516144,7,126800,32.57,1
2022-09,Finance,Infrastructure,516376,601025,6,84649,16.39,0
2022-09,Finance,Marketing,604903,572532,6,-32371,-5.35,0
2022-09,Finance,Salaries,491679,315637,6,-176042,-35.8,1
2022-09,Finance,Training,388710,457528,5,68818,17.7,0
2022-09,Finance,Travel,479556,570526,6,90970,18.97,0
2022-09,Finance,Utilities,437774,589361,7,151587,34.63,1
2022-09,HR,Infrastructure,1050132,1198812,11,148680,14.16,0
2022-09,HR,Marketing,653268,597949,7,-55319,-8.47,0
2022-09,HR,Salaries,823738,978281,10,154543,18.76,0
2022-09,HR,Training,256985,514210,4,257225,100.09,1
2022-09,HR,Travel,710992,902958,11,191966,27.0,1
2022-09,HR,Utilities,276690,296317,4,19627,7.09,0
2022-09,IT,Infrastructure,468520,625065,7,156545,33.41,1
2022-09,IT,Marketing,509801,524221,6,14420,2.83,0
2022-09,IT,Salaries,670269,477300,8,-192969,-28.79,1
2022-09,IT,Training,330295,123696,4,-206599,-62.55,1
2022-09,IT,Travel,779460,617883,9,-161577,-20.73,0
2022-09,IT,Utilities,586895,736320,8,149425,25.46,1
2022-09,Marketing,Infrastructure,656901,699834,8,42933,6.54,0
2022-09,Marketing,Marketing,747529,747504,8,-25,-0.0,0
2022-09,Marketing,Salaries,758175,1067925,10,309750,40.85,1
2022-09,Marketing,Training,721908,807173,10,85265,11.81,0
2022-09,Marketing,Travel,429211,412418,6,-16793,-3.91,0
2022-09,Marketing,Utilities,638294,815541,8,177247,27.77,1
2022-09,Operations,Infrastructure,478138,855405,7,377267,78.9,1
2022-09,Operations,Marketing,748610,900678,10,152068,20.31,0
2022-09,Operations,Salaries,369214,405303,5,36089,9.77,0
2022-09,Operations,Training,892911,673581,10,-219330,-24.56,0
2022-09,Operations,Travel,584316,456185,6,-128131,-21.93,0
2022-09,Operations,Utilities,692001,1059828,10,367827,53.15,1
2022-09,Sales,Infrastructure,589902,544475,7,-45427,-7.7,0
2022-09,Sales,Marketing,555673,669301,7,113628,20.45,0
2022-09,Sales,Salaries,546087,631731,7,85644,15.68,0
2022-09,Sales,Training,624184,760045,9,135861,21.77,0
2022-09,Sales,Travel,663221,598944,8,-64277,-9.69,0
2022-09,Sales,Utilities,369440,809736,9,440296,119.18,1
2022-10,Finance,Infrastructure,1026388,1030922,12,4534,0.44,0
2022-10,Finance,Marketing,637674,616677,7,-20997,-3.29,0
2022-10,Finance,Salaries,875665,876426,10,761,0.09,0
2022-10,Finance,Training,504331,406581,5,-97750,-19.38,0
2022-10,Finance,Travel,944000,945718,11,1718,0.18,0
2022-10,Finance,Utilities,452593,455655,6,3062,0.68,0
2022-10,HR,Infrastructure,136625,153373,1,16748,12.26,0
2022-10,HR,Marketing,624576,639567,8,14991,2.4,0
2022-10,HR,Salaries,1317297,1391594,14,74297,5.64,0
2022-10,HR,Training,1053904,1386518,15,332614,31.56,1
2022-10,HR,Travel,457843,221050,6,-236793,-51.72,1
2022-10,HR,Utilities,256255,312548,2,56293,21.97,0
2022-10,IT,Infrastructure,513317,479696,6,-33621,-6.55,0
2022-10,IT,Marketing,473572,556618,5,83046,17.54,0
2022-10,IT,Salaries,1154317,988917,13,-165400,-14.33,0
2022-10,IT,Training,279910,257066,3,-22844,-8.16,0
2022-10,IT,Travel,1111879,1092070,14,-19809,-1.78,0
2022-10,IT,Utilities,283773,320542,4,36769,12.96,0
2022-10,Marketing,Infrastructure,438271,722651,8,284380,64.89,1
2022-10,Marketing,Marketing,441993,558821,5,116828,26.43,1
2022-10,Marketing,Salaries,634149,740038,9,105889,16.7,0
2022-10,Marketing,Training,638944,685042,7,46098,7.21,0
2022-10,Marketing,Travel,677236,985848,8,308612,45.57,1
2022-10,Marketing,Utilities,613654,670908,9,57254,9.33,0
2022-10,Operations,Infrastructure,1121509,1106822,12,-14687,-1.31,0
2022-10,Operations,Marketing,716933,1018466,9,301533,42.06,1
2022-10,Operations,Salaries,400883,302842,6,-98041,-24.46,0
2022-10,Operations,Training,886854,477460,8,-409394,-46.16,1
2022-10,Operations,Travel,354307,599183,6,244876,69.11,1
2022-10,Operations,Utilities,525826,476803,7,-49023,-9.32,0
2022-10,Sales,Infrastructure,576900,703498,9,126598,21.94,0
2022-10,Sales,Marketing,615961,772642,8,156681,25.44,1
2022-10,Sales,Salaries,680275,696890,7,16615,2.44,0
2022-10,Sales,Training,1316091,1459827,13,143736,10.92,0
2022-10,Sales,Travel,1141799,1138562,12,-3237,-0.28,0
2022-10,Sales,Utilities,895989,1251415,13,355426,39.67,1
2022-11,Finance,Infrastructure,399188,464541,7,65353,16.37,0
2022-11,Finance,Marketing,1101698,1409302,12,307604,27.92,1
2022-11,Finance,Salaries,405583,417960,5,12377,3.05,0
2022-11,Finance,Training,601555,575435,8,-26120,-4.34,0
2022-11,Finance,Travel,1008203,543578,9,-464625,-46.08,1
2022-11,Finance,Utilities,456707,232431,4,-224276,-49.11,1
2022-11,HR,Infrastructure,422887,536113,5,113226,26.77,1
2022-11,HR,Marketing,54180,202514,2,148334,273.78,1
2022-11,HR,Salaries,478072,587812,5,109740,22.95,0
2022-11,HR,Training,913160,1079984,11,166824,18.27,0
2022-11,HR,Travel,352229,723651,6,371422,105.45,1
2022-11,HR,Utilities,564032,599625,6,35593,6.31,0
2022-11,IT,Infrastructure,394726,408769,5,14043,3.56,0
2022-11,IT,Marketing,370041,367314,4,-2727,-0.74,0
2022-11,IT,Salaries,208016,251784,3,43768,21.04,0
2022-11,IT,Training,403244,555391,4,152147,37.73,1
2022-11,IT,Travel,611670,893641,8,281971,46.1,1
2022-11,IT,Utilities,556321,732800,10,176479,31.72,1
2022-11,Marketing,Infrastructure,997997,991378,12,-6619,-0.66,0
2022-11,Marketing,Marketing,949427,1117184,12,167757,17.67,0
2022-11,Marketing,Salaries,186454,117954,4,-68500,-36.74,1
2022-11,Marketing,Training,643756,850441,8,206685,32.11,1
2022-11,Marketing,Travel,162596,239758,5,77162,47.46,1
2022-11,Marketing,Utilities,841118,803319,9,-37799,-4.49,0
2022-11,Operations,Infrastructure,1096596,942728,13,-153868,-14.03,0
2022-11,Operations,Marketing,492239,600369,6,108130,21.97,0
2022-11,Operations,Salaries,863677,831582,9,-32095,-3.72,0
2022-11,Operations,Training,395168,335444,5,-59724,-15.11,0
2022-11,Operations,Travel,851561,1024968,10,173407,20.36,0
2022-11,Operations,Utilities,825973,1027865,12,201892,24.44,0
2022-11,Sales,Infrastructure,733933,1103232,11,369299,50.32,1
2022-11,Sales,Marketing,677987,586884,8,-91103,-13.44,0
2022-11,Sales,Salaries,551043,525677,7,-25366,-4.6,0
2022-11,Sales,Training,390826,594612,7,203786,52.14,1
2022-11,Sales,Travel,616029,817279,10,201250,32.67,1
2022-11,Sales,Utilities,506760,525974,7,19214,3.79,0
2022-12,Finance,Infrastructure,673333,1236122,10,562789,83.58,1
2022-12,Finance,Marketing,567839,1031939,8,464100,81.73,1
2022-12,Finance,Salaries,525621,505167,6,-20454,-3.89,0
2022-12,Finance,Training,489174,774896,7,285722,58.41,1
2022-12,Finance,Travel,743543,635122,8,-108421,-14.58,0
2022-12,Finance,Utilities,897791,926943,10,29152,3.25,0
2022-12,HR,Infrastructure,392096,722669,7,330573,84.31,1
2022-12,HR,Marketing,711966,780571,9,68605,9.64,0
2022-12,HR,Salaries,1451386,1691955,17,240569,16.58,0
2022-12,HR,Training,401422,483961,6,82539,20.56,0
2022-12,HR,Travel,828577,1097935,10,269358,32.51,1
2022-12,HR,Utilities,1163401,1573334,14,409933,35.24,1
2022-12,IT,Infrastructure,595081,718908,8,123827,20.81,0
2022-12,IT,Marketing,529353,570330,7,40977,7.74,0
2022-12,IT,Salaries,760626,1294741,11,534115,70.22,1
2022-12,IT,Training,628306,724838,9,96532,15.36,0
2022-12,IT,Travel,293332,436109,4,142777,48.67,1
2022-12,IT,Utilities,902861,963440,10,60579,6.71,0
2022-12,Marketing,Infrastructure,626741,636471,9,9730,1.55,0
2022-12,Marketing,Marketing,618234,626822,9,8588,1.39,0
2022-12,Marketing,Salaries,435509,462133,5,26624,6.11,0
2022-12,Marketing,Training,837565,933677,12,96112,11.48,0
2022-12,Marketing,Travel,643215,615063,9,-28152,-4.38,0
2022-12,Marketing,Utilities,766410,1050687,9,284277,37.09,1
2022-12,Operations,Infrastructure,432086,462662,6,30576,7.08,0
2022-12,Operations,Marketing,476614,713203,6,236589,49.64,1
2022-12,Operations,Salaries,617976,475126,6,-142850,-23.12,0
2022-12,Operations,Training,393535,600272,6,206737,52.53,1
2022-12,Operations,Travel,527709,391701,5,-136008,-25.77,1
2022-12,Operations,Utilities,415106,770346,6,355240,85.58,1
2022-12,Sales,Infrastructure,338640,568921,6,230281,68.0,1
2022-12,Sales,Marketing,538571,602171,7,63600,11.81,0
2022-12,Sales,Salaries,1021264,1014813,13,-6451,-0.63,0
2022-12,Sales,Training,793149,929479,8,136330,17.19,0
2022-12,Sales,Travel,736513,981977,12,245464,33.33,1
2022-12,Sales,Utilities,460940,471534,6,10594,2.3,0
2023-01,Finance,Infrastructure,398403,434328,7,35925,9.02,0
2023-01,Finance,Marketing,927835,589418,9,-338417,-36.47,1
2023-01,Finance,Salaries,945618,772037,9,-173581,-18.36,0
2023-01,Finance,Training,389090,315801,3,-73289,-18.84,0
2023-01,Finance,Travel,1193502,979495,12,-214007,-17.93,0
2023-01,Finance,Utilities,506054,646897,6,140843,27.83,1
2023-01,HR,Infrastructure,499158,697428,7,198270,39.72,1
2023-01,HR,Marketing,582114,718813,7,136699,23.48,0
2023-01,HR,Salaries,664944,1110777,12,445833,67.05,1
2023-01,HR,Training,437497,407924,6,-29573,-6.76,0
2023-01,HR,Travel,613145,764436,9,151291,24.67,0
2023-01,HR,Utilities,677112,619654,8,-57458,-8.49,0
2023-01,IT,Infrastructure,613986,604742,7,-9244,-1.51,0
2023-01,IT,Marketing,800962,804073,8,3111,0.39,0
2023-01,IT,Salaries,846244,824748,11,-21496,-2.54,0
2023-01,IT,Training,1247696,1149504,15,-98192,-7.87,0
2023-01,IT,Travel,289001,246142,3,-42859,-14.83,0
2023-01,IT,Utilities,324123,373674,4,49551,15.29,0
2023-01,Marketing,Infrastructure,524162,479879,8,-44283,-8.45,0
2023-01,Marketing,Marketing,534043,545841,7,11798,2.21,0
2023-01,Marketing,Salaries,168128,480054,5,311926,185.53,1
2023-01,Marketing,Training,387110,423941,6,36831,9.51,0
2023-01,Marketing,Travel,719386,985998,10,266612,37.06,1
2023-01,Marketing,Utilities,640275,459869,8,-180406,-28.18,1
2023-01,Operations,Infrastructure,293052,178537,4,-114515,-39.08,1
2023-01,Operations,Marketing,662865,597915,6,-64950,-9.8,0
2023-01,Operations,Salaries,775641,885086,8,109445,14.11,0
2023-01,Operations,Training,847585,755799,9,-91786,-10.83,0
2023-01,Operations,Travel,469785,518291,5,48506,10.33,0
2023-01,Operations,Utilities,793773,837484,9,43711,5.51,0
2023-01,Sales,Infrastructure,366060,361169,4,-4891,-1.34,0
2023-01,Sales,Marketing,590002,657545,8,67543,11.45,0
2023-01,Sales,Salaries,295591,326516,3,30925,10.46,0
2023-01,Sales,Training,662751,475745,8,-187006,-28.22,1
2023-01,Sales,Travel,680878,625302,8,-55576,-8.16,0
2023-01,Sales,Utilities,550022,786782,7,236760,43.05,1
2023-01,Unspecified,Infrastructure,115763,114627,1,-1136,-0.98,0
2023-02,Finance,Infrastructure,852166,620464,9,-231702,-27.19,1
2023-02,Finance,Marketing,399658,460698,4,61040,15.27,0
2023-02,Finance,Salaries,206592,136729,3,-69863,-33.82,1
2023-02,Finance,Training,236282,394088,4,157806,66.79,1
2023-02,Finance,Travel,397671,813542,8,415871,104.58,1
2023-02,Finance,Utilities,649098,314011,7,-335087,-51.62,1
2023-02,HR,Infrastructure,976527,1151700,12,175173,17.94,0
2023-02,HR,Marketing,512191,664734,6,152543,29.78,1
2023-02,HR,Salaries,1044001,1340932,12,296931,28.44,1
2023-02,HR,Training,319593,482185,4,162592,50.87,1
2023-02,HR,Travel,647746,557003,7,-90743,-14.01,0
2023-02,HR,Utilities,832672,960412,9,127740,15.34,0
2023-02,IT,Infrastructure,540920,670415,7,129495,23.94,0
2023-02,IT,Marketing,358559,357180,4,-1379,-0.38,0
2023-02,IT,Salaries,223323,442461,5,219138,98.13,1
2023-02,IT,Training,531441,578452,8,47011,8.85,0
2023-02,IT,Travel,359861,426070,5,66209,18.4,0
2023-02,IT,Utilities,710497,1078832,9,368335,51.84,1
2023-02,Marketing,Infrastructure,560737,567346,7,6609,1.18,0
2023-02,Marketing,Marketing,626631,883426,9,256795,40.98,1
2023-02,Marketing,Salaries,510267,768926,8,258659,50.69,1
2023-02,Marketing,Training,92410,144300,2,51890,56.15,1
2023-02,Marketing,Travel,432401,463284,7,30883,7.14,0
2023-02,Marketing,Utilities,747282,737374,8,-9908,-1.33,0
2023-02,Operations,Infrastructure,474473,770329,8,295856,62.35,1
2023-02,Operations,Marketing,647804,672213,7,24409,3.77,0
2023-02,Operations,Salaries,337466,162778,4,-174688,-51.76,1
2023-02,Operations,Training,859094,934523,9,75429,8.78,0
2023-02,Operations,Travel,396352,552439,6,156087,39.38,1
2023-02,Operations,Utilities,686288,890497,9,204209,29.76,1
2023-02,Sales,Infrastructure,509547,536426,7,26879,5.28,0
2023-02,Sales,Marketing,588182,698488,8,110306,18.75,0
2023-02,Sales,Salaries,614112,798044,9,183932,29.95,1
2023-02,Sales,Training,395300,208070,4,-187230,-47.36,1
2023-02,Sales,Travel,746913,1082656,10,335743,44.95,1
2023-02,Sales,Utilities,351991,314355,3,-37636,-10.69,0
2023-03,Finance,Infrastructure,957367,966115,10,8748,0.91,0
2023-03,Finance,Marketing,669172,696428,9,27256,4.07,0
2023-03,Finance,Salaries,639626,880108,8,240482,37.6,1
2023-03,Finance,Training,601315,596290,5,-5025,-0.84,0
2023-03,Finance,Travel,1065992,904319,11,-161673,-15.17,0
2023-03,Finance,Utilities,571300,390800,6,-180500,-31.59,1
2023-03,HR,Infrastructure,909369,807685,10,-101684,-11.18,0
2023-03,HR,Marketing,216234,376740,3,160506,74.23,1
2023-03,HR,Salaries,626148,820558,9,194410,31.05,1
2023-03,HR,Training,1269827,1413697,17,143870,11.33,0
2023-03,HR,Travel,238373,288821,2,50448,21.16,0
2023-03,HR,Utilities,471695,440269,5,-31426,-6.66,0
2023-03,IT,Infrastructure,533742,380106,6,-153636,-28.78,1
2023-03,IT,Marketing,561235,536964,6,-24271,-4.32,0
2023-03,IT,Salaries,280404,387872,5,107468,38.33,1
2023-03,IT,Training,477846,401548,7,-76298,-15.97,0
2023-03,IT,Travel,619727,477097,6,-142630,-23.01,0
2023-03,IT,Utilities,709882,770513,9,60631,8.54,0
2023-03,Marketing,Infrastructure,909903,967913,12,58010,6.38,0
2023-03,Marketing,Marketing,524558,561875,8,37317,7.11,0
2023-03,Marketing,Salaries,623945,519057,7,-104888,-16.81,0
2023-03,Marketing,Training,681031,957776,9,276745,40.64,1
2023-03,Marketing,Travel,680685,770516,10,89831,13.2,0
2023-03,Marketing,Utilities,514209,642433,8,128224,24.94,0
2023-03,Operations,Infrastructure,719658,796498,7,76840,10.68,0
2023-03,Operations,Marketing,920825,613870,9,-306955,-33.33,1
2023-03,Operations,Salaries,491891,515867,6,23976,4.87,0
2023-03,Operations,Training,804218,610166,9,-194052,-24.13,0
2023-03,Operations,Travel,667569,539376,7,-128193,-19.2,0
2023-03,Operations,Utilities,600563,724275,7,123712,20.6,0
2023-03,Sales,Infrastructure,644243,537987,7,-106256,-16.49,0
2023-03,Sales,Marketing,798098,681953,7,-116145,-14.55,0
2023-03,Sales,Salaries,490111,763747,8,273636,55.83,1
2023-03,Sales,Training,269159,349375,4,80216,29.8,1
2023-03,Sales,Travel,518323,861017,8,342694,66.12,1
2023-03,Sales,Utilities,786666,1194886,11,408220,51.89,1
2023-04,Finance,Infrastructure,790184,703936,8,-86248,-10.91,0
2023-04,Finance,Marketing,685733,486254,9,-199479,-29.09,1
2023-04,Finance,Salaries,653907,849006,8,195099,29.84,1
2023-04,Finance,Training,634483,455381,6,-179102,-28.23,1
2023-04,Finance,Travel,1279099,1444862,15,165763,12.96,0
2023-04,Finance,Utilities,1475577,1468486,16,-7091,-0.48,0
2023-04,HR,Infrastructure,432820,717402,7,284582,65.75,1
2023-04,HR,Marketing,603817,685162,7,81345,13.47,0
2023-04,HR,Salaries,341490,198657,3,-142833,-41.83,1
2023-04,HR,Training,451916,445947,5,-5969,-1.32,0
2023-04,HR,Travel,1103389,1273666,13,170277,15.43,0
2023-04,HR,Utilities,929030,730829,10,-198201,-21.33,0
2023-04,IT,Infrastructure,195485,426317,4,230832,118.08,1
2023-04,IT,Marketing,758526,777241,9,18715,2.47,0
2023-04,IT,Salaries,538242,613604,6,75362,14.0,0
2023-04,IT,Training,417374,268139,4,-149235,-35.76,1
2023-04,IT,Travel,879313,1196731,11,317418,36.1,1
2023-04,IT,Utilities,1016249,1016056,11,-193,-0.02,0
2023-04,Marketing,Infrastructure,678540,810803,8,132263,19.49,0
2023-04,Marketing,Marketing,850974,786808,9,-64166,-7.54,0
2023-04,Marketing,Salaries,503837,930902,7,427065,84.76,1
2023-04,Marketing,Training,966226,1375122,14,408896,42.32,1
2023-04,Marketing,Travel,594489,819159,8,224670,37.79,1
2023-04,Marketing,Utilities,1440415,1485302,15,44887,3.12,0
2023-04,Operations,Infrastructure,587850,860752,8,272902,46.42,1
2023-04,Operations,Marketing,238192,361494,5,123302,51.77,1
2023-04,Operations,Salaries,623314,650090,6,26776,4.3,0
2023-04,Operations,Training,356504,323060,4,-33444,-9.38,0
2023-04,Operations,Travel,742632,1075616,9,332984,44.84,1
2023-04,Operations,Utilities,537695,770846,7,233151,43.36,1
2023-04,Sales,Infrastructure,618290,656029,6,37739,6.1,0
2023-04,Sales,Marketing,336466,375581,6,39115,11.63,0
2023-04,Sales,Salaries,801909,524399,9,-277510,-34.61,1
2023-04,Sales,Training,1024934,1059032,13,34098,3.33,0
2023-04,Sales,Travel,522411,680847,7,158436,30.33,1
2023-04,Sales,Utilities,1439910,1878386,20,438476,30.45,1
2023-05,Finance,Infrastructure,331053,348671,5,17618,5.32,0
2023-05,Finance,Marketing,50730,175981,2,125251,246.9,1
2023-05,Finance,Salaries,283001,627615,6,344614,121.77,1
2023-05,Finance,Training,820105,668925,7,-151180,-18.43,0
2023-05,Finance,Travel,747782,1341165,13,593383,79.35,1
2023-05,Finance,Utilities,487152,641515,6,154363,31.69,1
2023-05,HR,Infrastructure,431839,222376,4,-209463,-48.5,1
2023-05,HR,Marketing,137158,233773,2,96615,70.44,1
2023-05,HR,Salaries,594266,794950,8,200684,33.77,1
2023-05,HR,Training,932088,939513,14,7425,0.8,0
2023-05,HR,Travel,614143,835754,10,221611,36.08,1
2023-05,HR,Utilities,851025,662067,10,-188958,-22.2,0
2023-05,IT,Infrastructure,476807,381814,5,-94993,-19.92,0
2023-05,IT,Marketing,835584,760105,7,-75479,-9.03,0
2023-05,IT,Salaries,828697,934115,10,105418,12.72,0
2023-05,IT,Training,768021,666265,8,-101756,-13.25,0
2023-05,IT,Travel,605074,656044,8,50970,8.42,0
2023-05,IT,Utilities,651454,526833,8,-124621,-19.13,0
2023-05,Marketing,Infrastructure,917607,854022,9,-63585,-6.93,0
2023-05,Marketing,Marketing,344992,426665,5,81673,23.67,0
2023-05,Marketing,Salaries,815764,716420,10,-99344,-12.18,0
2023-05,Marketing,Training,736419,952575,9,216156,29.35,1
2023-05,Marketing,Travel,532412,262556,5,-269856,-50.69,1
2023-05,Marketing,Utilities,151401,208759,3,57358,37.88,1
2023-05,Operations,Infrastructure,959356,862313,13,-97043,-10.12,0
2023-05,Operations,Marketing,973459,907399,11,-66060,-6.79,0
2023-05,Operations,Salaries,637035,673901,7,36866,5.79,0
2023-05,Operations,Training,970512,624155,10,-346357,-35.69,1
2023-05,Operations,Travel,625005,502517,6,-122488,-19.6,0
2023-05,Operations,Utilities,562155,1093979,10,531824,94.6,1
2023-05,Sales,Infrastructure,781154,1191021,13,409867,52.47,1
2023-05,Sales,Marketing,747031,1101527,9,354496,47.45,1
2023-05,Sales,Salaries,1263496,1116149,13,-147347,-11.66,0
2023-05,Sales,Training,234798,362673,3,127875,54.46,1
2023-05,Sales,Travel,1110404,931854,11,-178550,-16.08,0
2023-05,Sales,Utilities,447202,519583,6,72381,16.19,0
2023-06,Finance,Infrastructure,436516,406606,7,-29910,-6.85,0
2023-06,Finance,Marketing,1358038,1124266,15,-233772,-17.21,0
2023-06,Finance,Salaries,719409,557745,9,-161664,-22.47,0
2023-06,Finance,Training,845222,1034529,10,189307,22.4,0
2023-06,Finance,Travel,818972,879386,10,60414,7.38,0
2023-06,Finance,Utilities,290337,208851,4,-81486,-28.07,1
2023-06,HR,Infrastructure,237486,390378,4,152892,64.38,1
2023-06,HR,Marketing,787381,823365,11,35984,4.57,0
2023-06,HR,Salaries,478359,506611,6,28252,5.91,0
2023-06,HR,Training,455634,420449,6,-35185,-7.72,0
2023-06,HR,Travel,191979,411165,5,219186,114.17,1
2023-06,HR,Utilities,561267,965028,9,403761,71.94,1
2023-06,IT,Infrastructure,674099,877397,9,203298,30.16,1
2023-06,IT,Marketing,438269,579035,8,140766,32.12,1
2023-06,IT,Salaries,604011,504218,7,-99793,-16.52,0
2023-06,IT,Training,441716,779482,7,337766,76.47,1
2023-06,IT,Travel,503926,399736,5,-104190,-20.68,0
2023-06,IT,Utilities,959448,1105887,11,146439,15.26,0
2023-06,Marketing,Infrastructure,945299,993476,12,48177,5.1,0
2023-06,Marketing,Marketing,557562,350895,6,-206667,-37.07,1
2023-06,Marketing,Salaries,803098,908219,11,105121,13.09,0
2023-06,Marketing,Training,1130461,1125495,14,-4966,-0.44,0
2023-06,Marketing,Travel,381906,421547,5,39641,10.38,0
2023-06,Marketing,Utilities,564851,706373,7,141522,25.05,1
2023-06,Operations,Infrastructure,784761,888740,10,103979,13.25,0
2023-06,Operations,Marketing,711601,869018,8,157417,22.12,0
2023-06,Operations,Salaries,149524,172847,2,23323,15.6,0
2023-06,Operations,Training,1016067,952380,13,-63687,-6.27,0
2023-06,Operations,Travel,480734,723150,8,242416,50.43,1
2023-06,Operations,Utilities,701068,728828,9,27760,3.96,0
2023-06,Sales,Infrastructure,356560,298625,4,-57935,-16.25,0
2023-06,Sales,Marketing,685277,587562,7,-97715,-14.26,0
2023-06,Sales,Salaries,553900,340775,5,-213125,-38.48,1
2023-06,Sales,Training,545851,626564,7,80713,14.79,0
2023-06,Sales,Travel,738779,1040747,10,301968,40.87,1
2023-06,Sales,Utilities,372620,284915,3,-87705,-23.54,0
2023-07,Finance,Infrastructure,620265,962519,10,342254,55.18,1
2023-07,Finance,Marketing,281861,209957,5,-71904,-25.51,1
2023-07,Finance,Salaries,360685,482257,6,121572,33.71,1
2023-07,Finance,Training,440231,662162,7,221931,50.41,1
2023-07,Finance,Travel,667438,498348,7,-169090,-25.33,1
2023-07,Finance,Utilities,1293622,1136733,15,-156889,-12.13,0
2023-07,HR,Infrastructure,692780,1062700,9,369920,53.4,1
2023-07,HR,Marketing,545927,559143,7,13216,2.42,0
2023-07,HR,Salaries,375753,313047,4,-62706,-16.69,0
2023-07,HR,Training,830596,937152,11,106556,12.83,0
2023-07,HR,Travel,753927,781041,8,27114,3.6,0
2023-07,HR,Utilities,782110,847461,10,65351,8.36,0
2023-07,IT,Infrastructure,510639,576850,7,66211,12.97,0
2023-07,IT,Marketing,599294,938900,10,339606,56.67,1
2023-07,IT,Salaries,571962,845165,8,273203,47.77,1
2023-07,IT,Training,936175,810998,9,-125177,-13.37,0
2023-07,IT,Travel,836420,886672,9,50252,6.01,0
2023-07,IT,Utilities,967389,973405,11,6016,0.62,0
2023-07,Marketing,Infrastructure,679867,712119,10,32252,4.74,0
2023-07,Marketing,Marketing,831595,859461,10,27866,3.35,0
2023-07,Marketing,Salaries,772393,524337,8,-248056,-32.12,1
2023-07,Marketing,Training,386023,368105,4,-17918,-4.64,0
2023-07,Marketing,Travel,338788,565111,5,226323,66.8,1
2023-07,Marketing,Utilities,741390,701124,9,-40266,-5.43,0
2023-07,Operations,Infrastructure,373752,490861,5,117109,31.33,1
2023-07,Operations,Marketing,1100824,1397878,13,297054,26.98,1
2023-07,Operations,Salaries,808642,1069136,8,260494,32.21,1
2023-07,Operations,Training,439568,582235,5,142667,32.46,1
2023-07,Operations,Travel,1350528,1394172,16,43644,3.23,0
2023-07,Operations,Utilities,1176557,1326047,14,149490,12.71,0
2023-07,Sales,Infrastructure,992645,1047133,12,54488,5.49,0
2023-07,Sales,Marketing,829609,893004,10,63395,7.64,0
2023-07,Sales,Salaries,635986,765237,8,129251,20.32,0
2023-07,Sales,Training,400518,914757,8,514239,128.39,1
2023-07,Sales,Travel,584267,637593,6,53326,9.13,0
2023-07,Sales,Utilities,454868,700527,6,245659,54.01,1
2023-08,Finance,Infrastructure,662621,628711,8,-33910,-5.12,0
2023-08,Finance,Marketing,347814,461289,6,113475,32.63,1
2023-08,Finance,Salaries,1110445,1077189,14,-33256,-2.99,0
2023-08,Finance,Training,192933,191707,3,-1226,-0.64,0
2023-08,Finance,Travel,533906,626810,7,92904,17.4,0
2023-08,Finance,Utilities,1029413,950321,11,-79092,-7.68,0
2023-08,HR,Infrastructure,880621,848390,11,-32231,-3.66,0
2023-08,HR,Marketing,526161,462250,6,-63911,-12.15,0
2023-08,HR,Salaries,678730,812103,9,133373,19.65,0
2023-08,HR,Training,659739,931996,9,272257,41.27,1
2023-08,HR,Travel,778622,985007,10,206385,26.51,1
2023-08,HR,Utilities,426523,531063,5,104540,24.51,0
2023-08,IT,Infrastructure,692364,717977,9,25613,3.7,0
2023-08,IT,Marketing,593687,613248,7,19561,3.29,0
2023-08,IT,Salaries,854800,1653877,13,799077,93.48,1
2023-08,IT,Training,47834,85415,1,37581,78.57,1
2023-08,IT,Travel,520646,605701,6,85055,16.34,0
2023-08,IT,Utilities,390499,751794,5,361295,92.52,1
2023-08,Marketing,Infrastructure,644943,705333,9,60390,9.36,0
2023-08,Marketing,Marketing,219297,518368,5,299071,136.38,1
2023-08,Marketing,Salaries,665438,752460,9,87022,13.08,0
2023-08,Marketing,Training,706366,1023362,8,316996,44.88,1
2023-08,Marketing,Travel,712795,951107,11,238312,33.43,1
2023-08,Marketing,Utilities,821896,883409,10,61513,7.48,0
2023-08,Operations,Infrastructure,535556,572076,7,36520,6.82,0
2023-08,Operations,Marketing,537096,566335,7,29239,5.44,0
2023-08,Operations,Salaries,295249,350550,5,55301,18.73,0
2023-08,Operations,Training,777145,834215,10,57070,7.34,0
2023-08,Operations,Travel,1018467,533909,11,-484558,-47.58,1
2023-08,Operations,Utilities,1259319,1394788,13,135469,10.76,0
2023-08,Sales,Infrastructure,556162,568130,8,11968,2.15,0
2023-08,Sales,Marketing,357675,433289,5,75614,21.14,0
2023-08,Sales,Salaries,222130,192815,3,-29315,-13.2,0
2023-08,Sales,Training,437183,370166,6,-67017,-15.33,0
2023-08,Sales,Travel,486206,435341,4,-50865,-10.46,0
2023-08,Sales,Utilities,799295,1035721,11,236426,29.58,1
2023-09,Finance,Infrastructure,1204313,961659,14,-242654,-20.15,0
2023-09,Finance,Marketing,992810,1006191,11,13381,1.35,0
2023-09,Finance,Salaries,336282,527471,4,191189,56.85,1
2023-09,Finance,Training,644237,663218,7,18981,2.95,0
2023-09,Finance,Travel,438789,438649,5,-140,-0.03,0
2023-09,Finance,Utilities,82728,206924,2,124196,150.13,1
2023-09,HR,Infrastructure,534134,797740,8,263606,49.35,1
2023-09,HR,Marketing,752059,853335,10,101276,13.47,0
2023-09,HR,Salaries,462335,556596,6,94261,20.39,0
2023-09,HR,Training,1172621,1212671,13,40050,3.42,0
2023-09,HR,Travel,446473,412108,8,-34365,-7.7,0
2023-09,HR,Utilities,691222,828200,8,136978,19.82,0
2023-09,IT,Infrastructure,784892,906190,9,121298,15.45,0
2023-09,IT,Marketing,497959,636825,8,138866,27.89,1
2023-09,IT,Salaries,520820,853772,9,332952,63.93,1
2023-09,IT,Training,141305,19773,1,-121532,-86.01,1
2023-09,IT,Travel,920800,762846,11,-157954,-17.15,0
2023-09,IT,Utilities,617749,489639,8,-128110,-20.74,0
2023-09,Marketing,Infrastructure,877056,824712,11,-52344,-5.97,0
2023-09,Marketing,Marketing,777344,1029701,9,252357,32.46,1
2023-09,Marketing,Salaries,499379,717985,7,218606,43.78,1
2023-09,Marketing,Training,735537,1004835,8,269298,36.61,1
2023-09,Marketing,Travel,770155,1241409,11,471254,61.19,1
2023-09,Marketing,Utilities,568945,421374,7,-147571,-25.94,1
2023-09,Operations,Infrastructure,738058,654800,8,-83258,-11.28,0
2023-09,Operations,Marketing,640867,627420,8,-13447,-2.1,0
2023-09,Operations,Salaries,847520,796098,10,-51422,-6.07,0
2023-09,Operations,Training,510758,537504,6,26746,5.24,0
2023-09,Operations,Travel,769676,791818,9,22142,2.88,0
2023-09,Operations,Utilities,813594,893552,11,79958,9.83,0
2023-09,Sales,Infrastructure,616447,462540,6,-153907,-24.97,0
2023-09,Sales,Marketing,370482,559230,6,188748,50.95,1
2023-09,Sales,Salaries,717078,939626,9,222548,31.04,1
2023-09,Sales,Training,688820,680769,8,-8051,-1.17,0
2023-09,Sales,Travel,675693,733281,8,57588,8.52,0
2023-09,Sales,Utilities,777404,779199,10,1795,0.23,0
2023-10,Finance,Infrastructure,858389,756990,11,-101399,-11.81,0
2023-10,Finance,Marketing,545060,591712,7,46652,8.56,0
2023-10,Finance,Salaries,389345,484478,6,95133,24.43,0
2023-10,Finance,Training,652587,801835,8,149248,22.87,0
2023-10,Finance,Travel,565416,492691,6,-72725,-12.86,0
2023-10,Finance,Utilities,194084,367859,3,173775,89.54,1
2023-10,HR,Infrastructure,90496,24950,1,-65546,-72.43,1
2023-10,HR,Marketing,514293,827410,7,313117,60.88,1
2023-10,HR,Salaries,503246,455169,7,-48077,-9.55,0
2023-10,HR,Training,564278,620513,8,56235,9.97,0
2023-10,HR,Travel,744336,738102,8,-6234,-0.84,0
2023-10,HR,Utilities,566130,666198,7,100068,17.68,0
2023-10,IT,Infrastructure,698530,999999,11,301469,43.16,1
2023-10,IT,Marketing,500434,525278,7,24844,4.96,0
2023-10,IT,Salaries,436332,769829,9,333497,76.43,1
2023-10,IT,Training,516527,624884,7,108357,20.98,0
2023-10,IT,Travel,497450,681989,8,184539,37.1,1
2023-10,IT,Utilities,857018,839184,9,-17834,-2.08,0
2023-10,Marketing,Infrastructure,494278,817111,7,322833,65.31,1
2023-10,Marketing,Marketing,1332019,1325698,15,-6321,-0.47,0
2023-10,Marketing,Salaries,366820,262426,5,-104394,-28.46,1
2023-10,Marketing,Training,259343,434140,5,174797,67.4,1
2023-10,Marketing,Travel,585182,513834,5,-71348,-12.19,0
2023-10,Marketing,Utilities,305931,447644,4,141713,46.32,1
2023-10,Operations,Infrastructure,795065,783613,9,-11452,-1.44,0
2023-10,Operations,Marketing,507121,522493,7,15372,3.03,0
2023-10,Operations,Salaries,922848,1523312,14,600464,65.07,1
2023-10,Operations,Training,574262,503927,6,-70335,-12.25,0
2023-10,Operations,Travel,598171,593905,6,-4266,-0.71,0
2023-10,Operations,Utilities,981923,1071745,11,89822,9.15,0
2023-10,Sales,Infrastructure,687476,586479,8,-100997,-14.69,0
2023-10,Sales,Marketing,584865,558918,6,-25947,-4.44,0
2023-10,Sales,Salaries,253085,323455,3,70370,27.8,1
2023-10,Sales,Training,609848,495804,7,-114044,-18.7,0
2023-10,Sales,Travel,627972,608456,7,-19516,-3.11,0
2023-10,Sales,Utilities,1144294,1366341,15,222047,19.4,0
2023-11,Finance,Infrastructure,780605,728006,9,-52599,-6.74,0
2023-11,Finance,Marketing,722716,513402,7,-209314,-28.96,1
2023-11,Finance,Salaries,345274,587753,6,242479,70.23,1
2023-11,Finance,Training,136908,210287,2,73379,53.6,1
2023-11,Finance,Travel,908165,681774,8,-226391,-24.93,0
2023-11,Finance,Utilities,561408,962365,9,400957,71.42,1
2023-11,HR,Infrastructure,672752,364520,8,-308232,-45.82,1
2023-11,HR,Marketing,658405,811994,7,153589,23.33,0
2023-11,HR,Salaries,176371,425556,4,249185,141.28,1
2023-11,HR,Training,643459,719944,8,76485,11.89,0
2023-11,HR,Travel,531191,519176,6,-12015,-2.26,0
2023-11,HR,Utilities,328031,479152,5,151121,46.07,1
2023-11,IT,Infrastructure,526722,696492,7,169770,32.23,1
2023-11,IT,Marketing,865786,687428,10,-178358,-20.6,0
2023-11,IT,Salaries,747191,790701,7,43510,5.82,0
2023-11,IT,Training,602981,403074,5,-199907,-33.15,1
2023-11,IT,Travel,497228,634397,5,137169,27.59,1
2023-11,IT,Utilities,277408,420913,5,143505,51.73,1
2023-11,Marketing,Infrastructure,729880,843608,9,113728,15.58,0
2023-11,Marketing,Marketing,1125211,974266,10,-150945,-13.41,0
2023-11,Marketing,Salaries,862200,998513,11,136313,15.81,0
2023-11,Marketing,Training,696564,1011775,9,315211,45.25,1
2023-11,Marketing,Travel,530462,363633,6,-166829,-31.45,1
2023-11,Marketing,Utilities,677390,1096341,10,418951,61.85,1
2023-11,Operations,Infrastructure,769884,512975,8,-256909,-33.37,1
2023-11,Operations,Marketing,497677,364095,6,-133582,-26.84,1
2023-11,Operations,Salaries,510878,822038,8,311160,60.91,1
2023-11,Operations,Training,789865,813948,10,24083,3.05,0
2023-11,Operations,Travel,936150,886505,10,-49645,-5.3,0
2023-11,Operations,Unspecified,40145,15085,1,-25060,-62.42,1
2023-11,Operations,Utilities,308859,223993,3,-84866,-27.48,1
2023-11,Sales,Infrastructure,392259,321117,5,-71142,-18.14,0
2023-11,Sales,Marketing,1035266,1404962,12,369696,35.71,1
2023-11,Sales,Salaries,341313,432368,6,91055,26.68,1
2023-11,Sales,Training,440500,373981,6,-66519,-15.1,0
2023-11,Sales,Travel,193972,450508,4,256536,132.25,1
2023-11,Sales,Utilities,425296,387079,7,-38217,-8.99,0
2023-12,Finance,Infrastructure,541946,749875,7,207929,38.37,1
2023-12,Finance,Marketing,303669,359834,5,56165,18.5,0
2023-12,Finance,Salaries,1299862,1629293,16,329431,25.34,1
2023-12,Finance,Training,704226,699724,8,-4502,-0.64,0
2023-12,Finance,Travel,692065,985631,10,293566,42.42,1
2023-12,Finance,Utilities,533808,503896,6,-29912,-5.6,0
2023-12,HR,Infrastructure,151508,328613,5,177105,116.89,1
2023-12,HR,Marketing,906902,790027,10,-116875,-12.89,0
2023-12,HR,Salaries,1067881,1463188,14,395307,37.02,1
2023-12,HR,Training,824099,1039813,12,215714,26.18,1
2023-12,HR,Travel,1188060,1166677,12,-21383,-1.8,0
2023-12,HR,Utilities,767730,1253635,12,485905,63.29,1
2023-12,IT,Infrastructure,571132,627879,7,56747,9.94,0
2023-12,IT,Marketing,713078,637914,6,-75164,-10.54,0
2023-12,IT,Salaries,365305,259168,5,-106137,-29.05,1
2023-12,IT,Training,379975,295525,4,-84450,-22.23,0
2023-12,IT,Travel,794897,826359,9,31462,3.96,0
2023-12,IT,Utilities,217036,228025,4,10989,5.06,0
2023-12,Marketing,Infrastructure,339920,413798,5,73878,21.73,0
2023-12,Marketing,Marketing,1101691,1345309,13,243618,22.11,0
2023-12,Marketing,Salaries,584582,693003,7,108421,18.55,0
2023-12,Marketing,Training,994885,1037494,12,42609,4.28,0
2023-12,Marketing,Travel,357579,771615,7,414036,115.79,1
2023-12,Marketing,Utilities,325556,162381,4,-163175,-50.12,1
2023-12,Operations,Infrastructure,427996,496427,4,68431,15.99,0
2023-12,Operations,Marketing,349668,602084,6,252416,72.19,1
2023-12,Operations,Salaries,567220,534507,7,-32713,-5.77,0
2023-12,Operations,Training,1534290,1661913,18,127623,8.32,0
2023-12,Operations,Travel,274591,445765,5,171174,62.34,1
2023-12,Operations,Utilities,420253,526996,6,106743,25.4,1
2023-12,Sales,Infrastructure,911387,699511,12,-211876,-23.25,0
2023-12,Sales,Marketing,281370,395347,4,113977,40.51,1
2023-12,Sales,Salaries,690366,1004754,9,314388,45.54,1
2023-12,Sales,Training,548295,515928,6,-32367,-5.9,0
2023-12,Sales,Travel,448951,264727,6,-184224,-41.03,1
2023-12,Sales,Utilities,783043,689896,8,-93147,-11.9,0
